metric,value
MAE,80649.68721315495
RMSE,116422.7608193082
R2,0.9463526120043096
